address,latitude,longitude
120 Shirley High Street Southampton ENG GB SO16 4EZ,,
41 Regent Street Bristol ENG GB BS15 8LA,,
9/13 Northwalk Yate GB BS37 4AP,,
121 High Street Swindon ENG GB SN4 7AU,,
56 Cricklade Road Swindon ENG GB SN2 8AF,,
549 Saffron Lane Leicester ENG GB LE2 6UL,,
9/10 Grove Court Station Road Biggleswade GB SG18 8AP,,
571 Roman Road London ENG GB E3 5EL,,
5 Edinburgh Road Portsmouth ENG GB PO1 1DE,,
Antelope Park Bursledon Road Southampton GB SO19 8NE,,
38 West Street Fareham ENG GB PO16 0JN,,
22 Wellington Way Waterlooville ENG GB PO7 7ED,,
86 Queensmead Farnborough ENG GB GU14 7,,
14 Churchill Parade Littlehampton ENG GB BN16 3,,
5 Queenswalk East Grinstead GB RH19 4DW,,
81 Crockhamwell Road Reading ENG GB RG5 3JP,,
19 High Street Kidlington ENG GB OX5 2DH,,
27 Market Square Uxbridge GB UB8 1LH,,
48 The Broadway Greenford ENG GB UB6 9,,
348 Rayners Lane Pinner ENG GB HA5 5,,
187 Falklands Gate Glenrothes Fife GB KY7 5NS,,
9 Fernhill Drive Gilmerton Edinburgh GB EH17 7AR,,
Unit 1 The Concourse Skelmersdale GB WN8 6LE,,
70 Standish Gate Wigan Lancashire GB WN1 1UW,,
5 Market Walk Chorley ENG GB PR7 1,,
112 Rochdale Road Bury ENG GB BL9 7,,
Queensway 7 Daventry Road Rochdale ENG GB OL11 2LN,,
31 Market Place Exchange Shopping Centre Rochdale GB OL16 1EB,,
64 Bridge Place Worksop ENG GB S80 1JN,,
Unit 11 The Sherwood Ctr Spar Lane Retford GB DN22 6EA,,
70 South Road Liverpool ENG GB L22 0LY,,
11 Park Vale Road Liverpool ENG GB L9 2,,
Retail Park Preston Street Whitehaven GB CA28 9DL,,
17/21 Bennett Precinct Longton GB ST3 2HT,,
7 Market Street Marple Stockport GB SK6 7AA,,
58 High Street Barnstaple ENG GB EX31 1JB,,
90 High Street Irvine SCT GB KA12 0AX,,
Govan Cross Shopping Centre 795 Govan Road Glasgow SCT GB G51 3,,
62 Kilmarnock Road Glasgow SCT GB G41 3NN,,
62 Bank Street Alexandria SCT GB G83 0,,
1 Gorstan Street Glasgow SCT GB G23 5,,
2 Main Street Glasgow SCT GB G69 6SJ,,
18 Brandon Street Hamilton SCT GB ML3 6,,
42 Shillinghill Alloa SCT GB FK10 1HY,,
10 Manse Road Edinburgh SCT GB EH12 7SN,,
8 Easter Road Edinburgh SCT GB EH7 5RG,,
Unit 4 Burnley Retail Pk Curzon Street Burnley Lancashire GB BB11 1BX,,
Unit G1 Wren Nest Retail Park Glossop GB SK13 8HB,,
Unit B Middleton District Centre Leeds GB LS10 4AX,,
30 Market Square Shipley ENG GB BD18 3QB,,
12/14 St Dominics Square Kings Lynn Norfolk GB PE30 1DT,,
179 High Street Birmingham ENG GB B17 9QE,,
Unit 3 Windmill Shopping Centre Smethwick GB B66 3PR,,
7 Sandwell Road West Bromwich ENG GB B70 8,,
20 Fox Grove Birmingham ENG GB B27 7,,
128 Church Road Birmingham ENG GB B25 8UT,,
577 Kingstanding Road Birmingham ENG GB B44 9TA,,
Lancaster Retail Park Brixton Way Shrewsbury GB SY1 3AZ,,
31 Ashby High Street Scunthorpe ENG GB DN16 2,,
1 Chapel Street Bridlington ENG GB YO15 2DR,,
Unit 11 Parkway Centre Coulby Newham Cleveland GB TS8 0TJ,,
2 Vernon Road Scarborough ENG GB YO11 2,,
4 Victoria Road Hawick SCT GB TD9 7AH,,
Unit 6B St. James Retail Park Stamfordham GB NE5 2SF,,
3 Berkeley Vale Falmouth ENG GB TR11 3PL,,
37 The Broadway Plymouth ENG GB PL9 7AU,,
11 Marlborough Street Plymouth ENG GB PL1 4,,
Unit 2 Scarfes Centre Kelvin Road Omagh Northern Ireland GB BT78 1ER,,
12 Bridge Street Belfast NIR GB BT1 1LU,,
Unit 3 Mfi Retail Park European Way Pallion Sunderland GB SR4 6TY,,
306 Holburn Street Aberdeen SCT GB AB10 7GX,,
17 High Street Hailsham ENG GB BN27 1AL,,
Poolside Bridge Street Caernarfon GB LL55 1NN,,
1 Station Road Gillingham ENG GB SP8 4PY,,
521 Christchurch Road Bournemouth ENG GB BH1 4AG,,
144 Crayford Road Dartford ENG GB DA1 4ES,,
358 High Street North London ENG GB E12 6PH,,
Unit 3 Phase 7 West Gillingham Retail Park Gillingham GB ME8 0PU,,
141 High Street Gillingham ENG GB ME7 1AQ,,
4 The Pavement London ENG GB SW4 0,,
112 Lower Marsh London ENG GB SE1 7,,
10 Rectory Road Benfleet ENG GB SS7 2,,
147 High Street Rayleigh ENG GB SS6 7QA,,
Unit 2 135/167 Histon Road Cambridge GB CB4 3JD,,
6 Court Gardens Downham Market ENG GB PE38 9,,
8 Arnside Road Bristol ENG GB BS10 6,,
62/66 Edinburgh Place Cheltenham Gloucestershire GB GL51 7SA,,
79 High Street Cheltenham ENG GB GL50 1DU,,
90 Old Oak Common Lane London ENG GB W3 7DA,,
153 Burnt Oak Broadway Edgware ENG GB HA8 0,,
17 Grand Parade London ENG GB N4 1LA,,
Simmons Bakers 2 The Arcade Hatfield ENG GB AL10 0JY,,
6 High Street Portsmouth ENG GB PO6 3,,
16 Market Parade Havant ENG GB PO9 1QF,,
79 Park Lane Havant ENG GB PO9 3HQ,,
Pages Corner Retail Park Ham Rd Worthing GB BN11 2QL,,
Unit A 4/20 Wood Grange Road Forest Gate GB E7 0QH,,
Haywards Road Haywards Heath GB RH16 4HT,,
108 London Road Oxford ENG GB OX3 9AW,,
Unit 10 The Longford Centre Feltham GB TW13 4BH,,
30 High Street Twickenham ENG GB TW2 7,,
142 High Street Ruislip ENG GB HA4 8LJ,,
Unit 2 6 Branch Way Clipsley Lane Haydock GB WA11 0QW,,
Tyldesley Road Atherton GB M46 9AT,,
Lowthian House Preston GB PR1 2ES,,
Unit 1A Central Ret Prk Manchester Road Bolton GB BL2 1HQ,,
Unit B Nrth Cty Shopp Ctr Lee Road Manchester GB M9 4DH,,
Nuthall Road Nottingham GB NG8 6AD,,
Crystal Peaks Shopping Centre Sheffield GB S20 7PN,,
334 High Street Lincoln ENG GB LN5 7DQ,,
315 Wolsey Way Lincoln ENG GB LN2 4,,
8/10 Marion Square Netherton Liverpool GB L30 5QA,,
62 Waterloo Road Blackpool ENG GB FY4 1AB,,
95 Lord Street Fleetwood ENG GB FY7 6,,
22 Gaolgate Street Stafford ENG GB ST16 2,,
Tape Street Cheadle GB ST10 1EU,,
Unit 7 Hepworth Ret. Park Swadlincote Derbyshire GB DE11 9FQ,,
6 The Moor Sheffield ENG GB S1 4,,
Unit 2 Llynfi Road Maesteg Mid Glamorgan GB CF34 9DS,,
4 Phillips Road Weston-super-Mare ENG GB BS23 3,,
8 Commercial Street Aberdare WLS GB CF44 7,,
1 The Walk Ebbw Vale WLS GB NP23 6AY,,
1 Houstoun Square Johnstone SCT GB PA5 8,,
158 Main Street Glasgow SCT GB G78 1SL,,
37 Castlemilk Arcade Glasgow SCT GB G45 9AA,,
51 Olympia Street Glasgow SCT GB G40 3TA,,
14A Shandwick Street Glasgow SCT GB G34 9,,
Unit 2 Bromhill Drive Larkhall GB ML9 1RH,,
86 West Main Street Bathgate SCT GB EH47 0QU,,
Whitburn Road Bathgate GB EH48 2RA,,
598 Lanark Road Juniper Green SCT GB EH14 5EN,,
39 Market Street Halifax ENG GB HX1 1,,
8a Station Road Leeds ENG GB LS15 7,,
936 Scotts Arms Centre Walsall Road Birmingham GB B42 1TQ,,
79 Church Street Bilston ENG GB WV14 0,,
2 Queens Road Nuneaton ENG GB CV11 5JW,,
15 Newbottle Street Houghton le Spring ENG GB DH4 4AP,,
Century 21 27 Waterdale Doncaster ENG GB DN1 3,,
Flying Horse Yard Salter Row Pontefract GB WF8 4PQ,,
Unit Lru2 Carlton Lanes Castleford GB WF10 1AD,,
Unit 1A Skippingdale Retail Park Scunthorpe GB DN15 8NN,,
5/9 Town Square Billingham Bristol GB TS23 2NB,,
Whale Shopping Centre Middlesbrough GB TS6 8BL,,
The Benwell Shopping Centre Newcastle upon Tyne GB NE4 8BE,,
Shirt Centre Bangor 10 High Street Bangor NIR GB BT20 5AY,,
Unit 17 St Cuthberts Walk Chester Le Street County Durham GB DH3 3YQ,,
Units 11/12 Park View Shopping Centre Whitley Bay GB NE26 2TJ,,
1 Rose Street Inverness SCT GB IV1 1,,
Unit 3 Boulevard Ret Park Links Road Aberdeen GB AB11 5EJ,,
Units B & C Ystwyth Retail Park Ceredigion Aberystwyth GB SY23 1PB,,
Unit 1 Station Road Barmouth GB LL42 1LU,,
26 Market Street Newtown WLS GB SY16 2PD,,
10 Oswald Road Oswestry ENG GB SY11 1RE,,
55 Frodsham Street Chester ENG GB CH1 3,,
Unit 1 Wavertree Ret Park Wavertree Road Liverpool GB L7 5LZ,,
Unt 5 Halewood Shpping Ct Leathers Lane Liverpool GB L26 0AD,,
26 Wharf Road South Grays ENG GB RM17 6,,
34 East Street Barking ENG GB IG11 8EP,,
60 High Road Ilford ENG GB IG1 1DL,,
10 Farnham Road Romford ENG GB RM3 8DX,,
120 Camberwell Road London ENG GB SE5 0EE,,
1269 Greenford Road Greenford ENG GB UB6 0HY,,
15 Market Square Basildon ENG GB SS14 1,,
984 London Road Leigh-on-Sea ENG GB SS9 3NF,,
34 High Street Whitstable ENG GB CT5 1,,
26 St John's Street Colchester ENG GB CO2 7,,
27 High Street Broadstairs ENG GB CT10 1LP,,
1 Crown Walk Newmarket ENG GB CB8 8NG,,
34 The Oxebode Gloucester ENG GB GL1 1,,
24 The Brittox Devizes ENG GB SN10 1AJ,,
10 Phelps Parade Calne ENG GB SN11 0HA,,
12 Belgrave Gate Leicester ENG GB LE1 3GP,,
Unit 42 Beaumont Centre Beaumont Leys Leicester GB LE4 1DF,,
48 High Street Rushden ENG GB NN10 0,,
Unit 20 Cheese Lane Swansgate Wellingborough GB NN8 1EX,,
10 Station Road Biggleswade ENG GB SG18 8AL,,
59 Corporation Street Corby ENG GB NN17 1NQ,,
The Bretton Centre Peterborough Cambridgeshire GB PE3 8DF,,
252 Southchurch Drive Nottingham ENG GB NG11 8AA,,
Unit 1B Waterside Ret Prk Station Road Derbyshire GB DE7 5LF,,
100 Kilburn High Road London ENG GB NW6 4,,
574 North Circular Road London ENG GB NW2 7PY,,
352 High Road Harrow ENG GB HA3 6HF,,
137 Shenley Road Borehamwood ENG GB WD6 1,,
62 Chapel Market London ENG GB N1 9ER,,
46 Junction Road London ENG GB N19 5,,
Unit 12. Dalston Cross Shopping Centre London GB E8 2LX,,
612 Lea Bridge Road London ENG GB E10 7,,
Mayes Road Wood Green GB N22 6TN,,
1b Old Church Road London ENG GB E4 6SJ,,
66 High Street North Dunstable ENG GB LU6 1LE,,
Wigmore Park Centre Luton GB LU2 9XG,,
Brocket Road Hoddesdon GB EN11 8PE,,
South Water Square Telford Shropshire GB TF3 4JG,,
Unit 7 Bitterne Village Southampton GB SO18 5EF,,
10/13 Chelsea House Basingstoke GB RG21 7JR,,
153 Victoria Road Aldershot ENG GB GU11 1JR,,
1/3 Pavilion Parade South Street Worthing Sussex GB BN11 3AJ,,
3 Chalfont Way Reading ENG GB RG6 5HJ,,
9 High Street High Wycombe ENG GB HP11 2AZ,,
25 Station Road Hayes ENG GB UB3 4BD,,
44 Hough Lane Leyland ENG GB PR25 2SA,,
Old Church Street Newton Heath Manchester GB M40 2JF,,
26 Tudor Square Nottingham ENG GB NG2 6BT,,
303 Carlton Hill Nottingham ENG GB NG4 1GP,,
34 South Gate Sleaford ENG GB NG34 7,,
15A Sheep Market Spalding ENG GB PE11 1,,
7 Hollow Park Ayr SCT GB KA7 4TH,,
19 Charles Street Stoke-on-Trent ENG GB ST1 3JP,,
2 The Avenue Chester ENG GB CH3 7LE,,
Granville Street Runcorn GB WA7 1NE,,
Unit 34 The Octagon Ctr Burton On Trent Staffordshire GB DE14 3TN,,
88 Spring Gardens Buxton ENG GB SK17 6BZ,,
7 Lordsmill Street Chesterfield ENG GB S41 7,,
Alphington Road Exeter GB EX2 8HR,,
1 Monmouth Walk Cwmbran WLS GB NP44 1,,
Crown Buildings Pontypool GB NP4 6LR,,
8 Frogmore Street Abergavenny WLS GB NP7 5,,
13 Greenhills Crescent Glasgow SCT GB G75 8,,
60 Main Street Wishaw SCT GB ML2 7AB,,
Travis Street Hyde Cheshire GB SK14 1PA,,
2 Botolph Street Norwich ENG GB NR3 1DT,,
The Trafford Park Industrial Estate Redditch GB B98 7AH,,
56 Bath Street Leamington Spa ENG GB CV31 3AE,,
2 Warwick Road Kenilworth ENG GB CV8 1HB,,
52 The Fox Goose Centre Birmingham GB B8 2EP,,
5 Mill Street Bedworth ENG GB CV12 8JX,,
255 Yarm Road Darlington ENG GB DL1 1BA,,
Unit 6 North Road / Albert Road Darlington GB DL1 2PF,,
Oxford Road Spennymoor GB DL16 6YQ,,
19 High Street Doncaster ENG GB DN6 8DN,,
Unit 4 Sterling Road Clifton Moor Centre York GB YO30 4WZ,,
36a The Precinct Blaydon on Tyne ENG GB NE21 5,,
2 Market Place Penzance ENG GB TR18 2,,
34 Trelowarren Street Camborne ENG GB TR14 8AF,,
High Street Ballynahinch GB BT24 8AB,,
22b Buncrana Road Londonderry NIR GB BT48 8AB,,
The Forum Shopping Centre Wallsend GB NE28 8JP,,
Chichester Road South Shields GB NE33 4HF,,
Ryhope Street Sunderland GB SR2 0RS,,
Wellgate Shopping Centre Dundee GB DD1 2DB,,
7 Souterford Road Inverurie SCT GB AB51 0TP,,
84 High Street Rhyl WLS GB LL18 1,,
24 Liscard Way Wallasey ENG GB CH44 5TP,,
162 Walton Road Liverpool ENG GB L4 4AZ,,
68 Derby Road Liverpool ENG GB L36 9UL,,
16 Market Place Frome ENG GB BA11 1AN,,
Unit 3 The Botany Tonbridge GB TN9 1SA,,
64 High Street Ashford ENG GB TN24 8TB,,
114 Broadway Bexleyheath ENG GB DA6 7,,
258 Heathway Dagenham ENG GB RM10 8QS,,
Unit 2 Grove Farm Retail Park Romford GB RM6 4AU,,
Units 2/3 High Street Barkingside Essex GB IG6 2AW,,
22 The Broadway Loughton ENG GB IG10 3ST,,
277 New Cross Road London ENG GB SE14 6AS,,
101 High Street Billericay ENG GB CM12 9AJ,,
The Newlands Precinct Witham GB CM8 2AP,,
Unitr2 Neats Court Ret Pk Queenborough Isle Of Sheppey GB ME11 5JS,,
Unit 2B Waterglade Park Clacton-on-Sea GB CO15 1HX,,
14/15 Triangle Shop Ctr Rochford Way Frinton GB CO13 0AU,,
252 High Street Harwich ENG GB CO12 3PA,,
9 Nelson Place Dereham ENG GB NR19 1,,
29 Southampton Road Ringwood ENG GB BH24 1HB,,
1 Broadwalk Shopping Centre Bristol ENG GB BS4 2QU,,
Units 3/5 Fountain Court Bristol GB BS16 5LR,,
Unit 2 Willowbrook Shopping Centre Bradley Stoke Bristol GB BS32 8BS,,
45 High Street Ryde ENG GB PO33 2RE,,
2 Rugby Road Hinckley ENG GB LE10 0,,
27 Newland Street Kettering ENG GB NN16 8JH,,
15 Greenhill Street Bedford ENG GB MK40 1LX,,
95 Church Lane Bedford ENG GB MK41 0,,
24 Market Square St Neots ENG GB PE19 2AJ,,
7 Dukes Drive Huntingdon ENG GB PE26 2,,
91 Derby Road Nottingham ENG GB NG9 7,,
55 Nottingham Road Nottingham ENG GB NG16 3AL,,
154 Cricklewood Broadway London ENG GB NW2 3,,
522 High Road London ENG GB N17 9,,
4 Palace Exchange Cecil Road Enfield GB EN2 6TR,,
171 Marsh Road Luton ENG GB LU3 2QG,,
Bridge Street Kidderminster GB DY10 1BN,,
Unit A Brock Lane Mall Maidenhead GB SL6 1LL,,
15 Botley Road Oxford ENG GB OX2 0AA,,
Unit 10 The Longford Centre Feltham GB TW13 4BH,,
274 Northolt Road Harrow ENG GB HA2 8EB,,
58 High Street Rickmansworth ENG GB WD3 1AJ,,
Halbeath Road Dunfermline Fife GB KY12 7QY,,
4 Minto Crescent Glenrothes SCT GB KY6 1LP,,
The Olive Bank Retail Park Musselburgh GB EH21 6RE,,
37/43 Ormskirk Street St Helens Merseyside GB WA10 2SY,,
116 Bradshawgate Leigh ENG GB WN7 4,,
Unit 1A Central Retail Park Bolton GB BL2 1HQ,,
1 Chorlton Place Manchester ENG GB M21 9,,
Ralph Street Clayton GB M11 4YX,,
Bridge Street Heywood GB OL10 1JF,,
Unit 1 Amber Centre Portland Road Hucknall GB NG15 7UQ,,
77 Front Street Nottingham ENG GB NG5 7EB,,
28 Chapel Lane Liverpool ENG GB L37 4DU,,
10 Marina Crescent Bootle ENG GB L30 1RR,,
Stonedale Park East Lancashire Road Liverpool GB L11 9DH,,
Vicarage Lane 23 Penrose Avenue Blackpool ENG GB FY4 4DH,,
Unit 9 Alexandria Retail Park Stoke-on-Trent GB ST6 6BE,,
Unit 2 London Road Stoke On Trent GB ST4 7SG,,
258 Stockport Road Altrincham ENG GB WA15 7UT,,
1295/1305 London Road Alvaston Derbyshire GB DE24 8QN,,
492 Nottingham Road Derby ENG GB DE21 6,,
Lace Walk Honiton GB EX14 1LR,,
9/10 Angel Place Shopping Centre Bridgwater GB TA6 3TQ,,
Shop 1A St Davids Square Swansea Gillingham GB SA1 3LG,,
15 Brackla Street Bridgend WLS GB CF31 3,,
194b Cowbridge Road East Cardiff WLS GB CF5 1GW,,
50 Taff Street Pontypridd WLS GB CF37 4TD,,
12 Cardiff Road Caerphilly WLS GB CF83 1,,
Unit 12 The Market Place Islwyn Centre Blackwood GB NP12 1AU,,
31 High Street Abertillery WLS GB NP13 1,,
32 West Burn Street Greenock SCT GB PA15 1,,
Strathkelvin Retail Park Bishopbriggs GB G64 2TS,,
Weaver Thorpe Retail Park Tong GB BD4 9RQ,,
Batley Shopping Centre Batley GB WF17 5DR,,
Unit 2 Woodhall Retail Pk Woodhall Road Bradford GB BD3 7BW,,
20 Wulfrun Centre Wolverhampton ENG GB WV1 3,,
32 Church Road Dudley ENG GB DY2 0,,
548 Bearwood Road Smethwick ENG GB B66 4BT,,
Unit 5 St Andrews Shp Prk 270 Coventry Road Birmingham GB B10 0XA,,
17 Maney Corner Sutton Coldfield ENG GB B72 1,,
Unit 5A Linkway Retail Park Cannock GB WS11 1TD,,
45 The Square Aldridge GB WS9 8QS,,
19 Market Street Lichfield ENG GB WS13 6JX,,
Chelmsley Wood Shopping Centre 33 Maple Walk Birmingham ENG GB B37 5TS,,
41 Cheshire Street Market Drayton ENG GB TF9 1PH,,
5 North Road Durham ENG GB DH1 4SH,,
210/214 Soho Road Hemsworth GB WF9 4JX,,
18/22 Queensgate Waterdale Centre Doncaster GB DN1 3JN,,
33/35 Southgate Scunthorpe South Humberside GB DN15 6SU,,
630 Anlaby Road Hull ENG GB HU3 6UU,,
6 Knighton Court Stockton-on-Tees ENG GB TS17 9QQ,,
174 Middleton Grange Ctr Hartlepool Prestatyn GB TS24 7RY,,
Meadow Lane Portadown Northern Ireland GB BT62 3NH,,
Unit 4 Orritor Retail Park Cookstown GB BT80 8BH,,
70/78 Newry Street Banbridge Northern Ireland GB BT32 3HA,,
12 Market Square Antrim NIR GB BT41 4AW,,
Shankill Road Belfast Northern Ireland GB BT13 2BE,,
Newtownards Road Belfast GB BT4 1HD,,
Rathcoole Library 2-4 Rosslea Way Newtownabbey NIR GB BT37 9,,
21a Railway Road Coleraine NIR GB BT52 1,,
253 Stanhope Street Newcastle upon Tyne ENG GB NE4 5JT,,
Campfield Square Dundee GB DD5 2PU,,
1 Broad Street Fraserburgh SCT GB AB43 9AE,,
Kwik Save Precinct Dodds Lane Gwersyllt Wrexham GB LL11 4NT,,
303 Hoylake Road Wirral ENG GB CH46 6,,
58 New Chester Road Wirral ENG GB CH62 1,,
605 West Derby Road Liverpool ENG GB L13 8AE,,
362 Ashley Road Poole ENG GB BH14 9DQ,,
51 Victoria Road Ferndown ENG GB BH22 9HU,,
D5/D7 Water Lane Chequers Cente Maidstone GB ME15 6AR,,
47 High Street Dartford ENG GB DA1 1DJ,,
4 Woodgrange Road London ENG GB E7 0,,
North Street Hornchurch GB RM11 1RL,,
1 Overcliffe Gravesend ENG GB DA11 0EF,,
London Road Aber Conway Road Morden GB SM4 5LN,,
34 Central Parade Croydon ENG GB CR0 0JD,,
194 Streatham High Road London ENG GB SW16 1BB,,
19 Westow Hill London ENG GB SE19 1,,
24 Rye Lane London ENG GB SE15 5BS,,
2 Harvey Centre Approach Harlow ENG GB CM20 1HF,,
1 Greyhound Way Southend-on-Sea ENG GB SS2 5,,
155 Mortimer Street Herne Bay ENG GB CT6 5HA,,
4 Minstergate Thetford ENG GB IP24 1,,
37 Bridge Street Andover ENG GB SP10 1BE,,
Unit 1/3 Peterson Avenue Bristol GB BS13 0BE,,
76 High Street Daventry ENG GB NN11 4,,
21 Market Street Loughborough ENG GB LE11 3EP,,
Nottingham Road Alfreton GB DE55 4JJ,,
75 Camden High Street London ENG GB NW1 0,,
51 Fretherne Road Welwyn Garden City ENG GB AL8 6NS,,
15 Central Approach Letchworth ENG GB SG6 3,,
24 Church Street Great Malvern ENG GB WR14 2AY,,
3 Market Street Stourbridge ENG GB DY8 1AB,,
37 Market Street Kingswinford ENG GB DY6 9,,
30 Dudley Street Dudley ENG GB DY3 1SB,,
Unit 1 Locks Heath Centre Southampton GB SO31 6DX,,
119/125 Mary Gate Northumberland GB TD15 1BH,,
34 West Street Fareham ENG GB PO16 9UZ,,
6 Middle Brook Street Winchester ENG GB SO23 8BQ,,
39/45 The Martletts Burgess Hill West Sussex GB RH15 9NN,,
216 High Street Slough ENG GB SL1 1,,
92 High Street West Drayton ENG GB UB7 7FB,,
School Street Darwen GB BB3 1BE,,
107-111 Mather Way Salford ENG GB M6 5,,
Unit 2/3 Armitage Avenue Greater Manchester GB M38 0EA,,
Unit 6 Brackley Street Farnworth South Lanarkshire GB BL4 9DR,,
Tennis Street Old Trafford Manchester GB M16 0LH,,
1/3 Greenside Shopng Cntr Greenside Lane Droylsden GB M43 7YY,,
77 Strand Road Bootle ENG GB L20 4,,
Hindpool Road Barrow in Furness GB LA14 2NE,,
74 Victoria Road West Thornton Cleveleys ENG GB FY5 1AG,,
11 Buttermarket Street Warrington ENG GB WA1 2,,
Units N&O West Heath Shopping Centre Congleton GB CW12 4NB,,
19 North Street Derby ENG GB DE23 6BJ,,
2 King Street Belper ENG GB DE56 1PS,,
803 Chesterfield Road Sheffield ENG GB S8 0SQ,,
6 Picton Place Haverfordwest WLS GB SA61 2LX,,
The Avenue Minehead GB TA24 5AZ,,
Unit 3 Phoenix Retail Park Swansea GB SA7 9EG,,
12 Quay Street Ammanford WLS GB SA18 3DB,,
Unit 4B Midway Retail Park Pontypridd GB CF37 5BL,,
161 Commercial Street Newport WLS GB NP20 1JQ,,
Unit 2B Triangle Business Park Pentrebach GB CF48 2TQ,,
224 Byres Road Glasgow SCT GB G12 8SH,,
447 Alexandra Parade Glasgow SCT GB G31 3AD,,
12/16 Princes Mall East Kilbride Shop Centre Glasgow GB G74 1JU,,
2347 London Road Glasgow SCT GB G32 8YS,,
1 Cruikshank's Court Denny SCT GB FK6 5,,
33 Bow Street Ashton-under-Lyne ENG GB OL6 6BU,,
Unit 1 Treadmills Retail Park Crosby Road Northallerton GB DL6 1NW,,
90 South Quay Great Yarmouth ENG GB NR30 2RW,,
727 Bristol Road South Birmingham ENG GB B31 2NG,,
32 Churchill Shopping Cnt Dudley West Midlands GB DY2 7BJ,,
179 High Street Blackheath Birmingham GB B65 0DU,,
194 High Street Birmingham ENG GB B23 6SJ,,
Market Place Bloxwich GB WS3 2JH,,
3B Market Place Cannock Staffordshire GB WS11 1BS,,
Unit 4 Thorne Retail Park Doncaster GB DN2 5DX,,
42 Boothferry Road Goole ENG GB DN14 5DA,,
248 Linthorpe Road Middlesbrough ENG GB TS1 4,,
Unit 3A Teesbay Retail Park Hartlepool GB TS25 1XJ,,
Scott Street Stanley GB DH9 8AD,,
5 Albert Court Torquay ENG GB TQ1 3AE,,
Unit 4 Orritor Retail Park Cookstown GB BT80 8BH,,
Farmley Shopping Centre Glengormley Northern Ireland GB BT36 7TS,,
32-34 Bondgate Within Alnwick ENG GB NE66 1,,
66 The Bridges Sunderland ENG GB SR1 3,,
25 Marischal Street Peterhead SCT GB AB42 1,,
Cyftir Lane Erw Crossroads Holyhead GB LL65 2PU,,
Unit 22 Central Precinct Brunswick Road Buckley GB CH7 2EF,,
Unit 3 Horseshoes Mall Warminster Wiltshire GB BA12 9BT,,
89 Poole Road Bournemouth ENG GB BH4 9BB,,
55 High Street Dover Kent GB CT16 1EB,,
Unit 25A Swanley Shopping Centre Swanley GB BR8 7TG,,
132 Eltham High Street London ENG GB SE9 1,,
20 Town Square Erith ENG GB DA8 1,,
146 Barking Road London ENG GB E16 4,,
128/130 High Street North East Ham London GB E6 2HT,,
783 High Road Leytonstone London ENG GB E11 4,,
141 Central Road Worcester Park ENG GB KT4 8DT,,
52 Brigstock Road Thornton Heath ENG GB CR7 7,,
114 Deptford High Street London ENG GB SE8 4,,
64a Broadway London ENG GB W13 9,,
41 St John's Way Stanford le Hope ENG GB SS17 7NA,,
30 High Street Wickford ENG GB SS12 9AZ,,
5-6 The Centre Colchester ENG GB CO5 0,,
55/57 High Street March Cambridgeshire GB PE15 9JJ,,
14 Temple Street Bristol ENG GB BS31 1EG,,
79 Place Road Cowes ENG GB PO31 7AE,,
Unit 5 Parkway Central Retail Park Sheffield GB S2 5AU,,
2 Flora Street Sheffield ENG GB S6 2,,
3/4 Northway Rugby Warwickshire GB CV21 2JS,,
197 Narborough Road Leicester ENG GB LE3 0PE,,
113 High Street Huntingdon ENG GB PE29 3LD,,
43 The Broadway London ENG GB NW7 3DA,,
11 Watney Market London ENG GB E1 2,,
3 Letchworth Road Baldock ENG GB SG7 6AA,,
15 The Bridge Centre Fratton Portsmouth GB PO1 1SL,,
Unit 11 Portswood Road Southampton Hampshire GB SO17 2NH,,
12 Stubbington Green Fareham ENG GB PO14 2JG,,
55 South Street Chichester ENG GB PO19 1DS,,
19 Surrey Street Littlehampton ENG GB BN17 5AZ,,
5 Wallace Parade Worthing ENG GB BN12 4,,
54 Blatchington Road Hove ENG GB BN3 3YH,,
3/5 Market Place Didcot GB OX11 7LE,,
Weldale Street Wickes Centre Reading GB RG1 7BZ,,
39 Church Street Reading ENG GB RG4 8,,
40/42 Pierfield Terrace Portobello Road Edinburgh GB EH8 7BJ,,
Unit B St Helens Ret Park Warrington Old Road St Helens GB WA9 1JJ,,
Templeton Road Wigan GB WN2 5PD,,
Bolton Rd/Livesey Rd Ewood Mill Blackburn GB BB2 4LQ,,
Unit 57 The Arndale Ctr Middleton Manchester GB M24 4EL,,
Unit 28 Arndale Centre Accrington Lancashire GB BB5 1EX,,
Unit 22 St Nicholas Avenue Perpignan Way Lancaster GB LA1 1NE,,
110 Northway Liverpool ENG GB L31 5NF,,
Springfields Retail Park Stoke-on-Trent GB ST4 6PD,,
27 Market Street Rugeley ENG GB WS15 2,,
27 Albion Street Derby ENG GB DE1 2,,
1 Firs Parade Matlock ENG GB DE4 3,,
Unit 2 Parc Cwmdu Carmarthen Road Swansea GB SA5 8LJ,,
143 Holton Road Barry WLS GB CF63 4HP,,
205 High Street Treorchy WLS GB CF42 6,,
Newport Retail Park Newport GB NP19 4QQ,,
15 Graham Way Merthyr Tydfil GB CF47 8EG,,
The Braes Saltcoats GB KA21 5EP,,
Queens Drive Retail Park Kilmarnock GB KA1 3XB,,
21 Dunkenny Square Drumchapel Glasgow GB G15 8NB,,
22 Douglas Street Milngavie Glasgowcity GB G62 6PB,,
37/41 Almondvale South Livingston West Lothian GB EH54 6NB,,
Unit 40 Westerhailes Shopping Ctr Edinburgh GB EH14 2SW,,
Unit C Railway Street Dewsbury GB WF12 8EB,,
225 Dewsbury Road Leeds ENG GB LS11 5HZ,,
Gresley Road Keighley West Yorkshire GB BD21 5JG,,
57 Church Street Cromer ENG GB NR27 9HH,,
138d High Street Great Yarmouth ENG GB NR31 6QX,,
34 High Street Evesham ENG GB WR11 4HJ,,
9 Peckingham Street Halesowen ENG GB B63 3,,
74/75 High Street Cradley Heath West Midlands GB B64 5HA,,
51 Union Street Wednesbury ENG GB WS10 7HB,,
Binley Road Coventry GB CV3 1HX,,
11 South St Mary's Gate Grimsby ENG GB DN31 1JE,,
63 Middle Street South Driffield ENG GB YO25 6QG,,
25 Fore Street Redruth ENG GB TR15 2BQ,,
Riverdale Post Office 151 Andersonstown Road Belfast NIR GB BT11 9,,
28 Kennedy Way Belfast NIR GB BT11 9,,
Unit 24A Park Centre Donegall Road Belfast Northern Ireland GB BT12 6HN,,
Ards Shopping Centre 22c Circular Road Newtownards NIR GB BT23 4,,
35 High Street Ballymena NIR GB BT43 6DT,,
Unit 15 The Galleries Washington GB NE38 7SA,,
Unit 1 Pennywell Shop Ctr Portsmouth Road Pennywell GB SR4 9AS,,
65 Waterloo Road Blyth ENG GB NE24 1,,
Bellway House Woodhorn Road Ashington GB NE63 0AE,,
21 Langney Road Eastbourne ENG GB BN21 3QA,,
Bridge Street Llangefni Anglesey GB LL77 7PN,,
Unit 3 St Deiniol Centre High Street Bangor GB LL57 1NW,,
Unit 12 Island Green Shopping Centre Wrexham GB LL13 7LW,,
26 Salisbury Street Blandford Forum ENG GB DT11 7AR,,
54 High Street Hythe ENG GB CT21 5AT,,
2 Queen Street Deal ENG GB CT14 6ET,,
23/24 Lee Gate Shop Ctr Lee Green London GB SE12 8SS,,
210 Trafalgar Road London ENG GB SE10 9ER,,
2 Whalebone Lane South Dagenham ENG GB RM8 1FB,,
111 King Street London ENG GB W6 9JG,,
1372 London Road London ENG GB SW16 4,,
15/21 The Market Place Basildon Essex GB SS14 1DD,,
Springfield Road Chelmsford GB CM2 6JY,,
102 High Street Sheerness ENG GB ME12 1UB,,
8 College Road Margate ENG GB CT9 4,,
50 Hamilton Road Felixstowe ENG GB IP11 7,,
20 High Street Haverhill ENG GB CB9 8AR,,
Unit 2 Cromwell Ret Park Cromwell Road Wisbech GB PE14 0RG,,
5 Cornhill Bury St Edmunds ENG GB IP33 1,,
190 Lawnwood Road Bristol ENG GB BS5 0EU,,
26 Parsonage Street Dursley ENG GB GL11 4,,
10 Union Street Cornhill Stroud GB GL5 2JT,,
39 Palmerston Road Southsea ENG GB PO5 3,,
Unit 3 Banbury Cross Retail Park Banbury GB OX16 1LX,,
56 Calthorpe Street Banbury ENG GB OX16 5EX,,
Unit 5 The Food Centre Central Milton Keynes Buckinghamshire GB MK9 3BB,,
14/16 Harlestone Road Northampton GB NN5 7AE,,
2 Tamworth Road Nottingham ENG GB NG10 1JJ,,
83 High Street Harrow ENG GB HA3 7,,
102 Station Road Edgware ENG GB HA8 7,,
126 High Street Barnet ENG GB EN5 5XQ,,
301 Kentish Town Road London ENG GB NW5 2TJ,,
150 Mare Street London ENG GB E8 3SG,,
10 Vesey Path London ENG GB E14 0,,
13 North Square London ENG GB N9 0SN,,
140 Victoria Street St Albans ENG GB AL1 3TG,,
106 High Street Waltham Cross ENG GB EN8 7BX,,
26 High Street Eastleigh ENG GB SO50 5,,
50 Victoria Road Horley ENG GB RH6 7PZ,,
3 Queensway Redhill ENG GB RH1 1,,
16/18 The Square Botley Oxford GB OX2 9LJ,,
64 High Street Staines GB TW18 4DY,,
37 High Street Leven SCT GB KY8 4,,
6 Branch Way St Helens ENG GB WA11 0,,
240 North Road Preston ENG GB PR1 1,,
Branch Road 599 Bolton Road Blackburn ENG GB BB2 4JT,,
Fallowfield Shopping Ctr (Stop B) 142 Birchfields Road Manchester ENG GB M14 6PE,,
962 Stockport Road Manchester ENG GB M19 3NN,,
28 High Street Melton Mowbray ENG GB LE13 0,,
34 Stodman Street Newark ENG GB NG24 1AW,,
Unit 16 Marine Point Retail Park New Brighton GB CH45 2PB,,
10 St Chads Parade Kirkby Liverpool GB L32 8UG,,
10 Topping Street Blackpool ENG GB FY1 3,,
62 Pow Street Workington ENG GB CA14 3AB,,
69 Witton Street Northwich ENG GB CW9 5,,
Bankside Crossfield Street Warrington GB WA1 1UP,,
33 High Street Sandbach ENG GB CW11 1AL,,
Woodley Food & Wines 1 Hyde Road Stockport ENG GB SK6 1NA,,
Unit 2 Sheffield Road Chesterfield GB S41 8JZ,,
Point Street Larne County Antrim GB BT40 1HU,,
Unit 1A Skippingdale Retail Park Holyroad Drive GB DN15 8NN,,
34 Woodfield Street Swansea WLS GB SA6 8AB,,
Store D Aberafan Centre Port Talbot County Durham GB SA13 1PB,,
Fowlds Street Kilmarnock GB KA1 3DG,,
22 Smithhills Street Paisley SCT GB PA1 1,,
35/37 Sylvania Way South Clydebank Shop Ctr Clydebank GB G81 1EA,,
Unit 4 Hamilton Retail Park Hamilton GB ML3 0DF,,
69 Brandon Parade South Motherwell SCT GB ML1 1RB,,
5 Pitt Terrace Stirling SCT GB FK8 2EZ,,
1 York Square Grangemouth GB FK3 8BB,,
Unit 1 162 West Granton Road Edinburgh GB EH5 1PE,,
Pontefract Road Barnsley GB S71 5PN,,
45 Kirkgate Wakefield ENG GB WF1 1,,
Berry Road Skegness GB PE25 3QS,,
210 Soho Road Birmingham ENG GB B21 9LR,,
21/21A Kings Square Sandwell Centre West Bromwich GB B70 7NN,,
957 Alcester Road South Birmingham ENG GB B14 5JA,,
Unit 10 Institutes Road Kings Heath Caterrick Garrison GB B14 7EG,,
1133 Warwick Road Birmingham ENG GB B27 6RA,,
2154 Coventry Road Birmingham ENG GB B26 3JB,,
18 Timberley Lane Birmingham ENG GB B34 7EH,,
51 Renny's Lane Durham ENG GB DH1 2,,
Unit 2 Great Easter Way Ret Park Rotherham GB S62 6EJ,,
Willerby News 3 Main Street Hull ENG GB HU10 6BP,,
Unit 4 Hessle Road Hull GB HU3 4EB,,
324 Holderness Road Hull ENG GB HU8 8,,
North Point Shopping Centre 5 Goodhart Road Hull ENG GB HU7 4,,
Fire Centre 19 Bulmer Way Middlesbrough ENG GB TS1 5JT,,
25 Yoden Way Peterlee ENG GB SR8 5,,
Skerne Road Oakesway Hartlepool GB TS24 0RE,,
7a Old Vicarage Place St Austell ENG GB PL25 5YY,,
75 Mayflower Street Plymouth ENG GB PL1 1QW,,
2 Shore Road Enniskillen NIR GB BT74 7EF,,
28 Monaghan Street Newry NIR GB BT35 6AA,,
Ballysillan Rd Ballysillan Belfast Northern Ireland GB BT14 7QQ,,
475/477 Antrim Road Belfast Northern Ireland GB BT15 3BD,,
78/80 Cregagh Road Belfast Northern Ireland GB BT6 9ER,,
Unit 18 Carrickfergus Shop Ctr Belfast GB BT38 7AG,,
Cheque Centre 4 Jackson Street Gateshead ENG GB NE8 1,,
279 Prince Edward Road South Shields ENG GB NE34 7,,
33 High Street Galashiels SCT GB TD1 1RY,,
14 The Green Sunderland ENG GB SR5 2JE,,
461 Great Northern Road Aberdeen SCT GB AB24 2BD,,
Unit 3 Rhydal Retail Park Station Road Aberystwyth GB SY23 1LL,,
Puzzle Square Welshpool Powys GB SY21 7LE,,
Mostyn Champney Retail Pk Llandudno Conwy GB LL30 1RY,,
20/22 High Street Holywell Flintshire GB CH8 7LH,,
790 Borough Road Birkenhead ENG GB CH42 9JG,,
176 Breck Road Liverpool ENG GB L5 6PX,,
Unit Msu1 Sandgates Lane Folkestone Kent GB CT20 1RR,,
Maynard Road Wincheap Ind. Est. Canterbury GB CT1 3RH,,
2 Station Approach Bromley ENG GB BR2 7EH,,
157 High Street Orpington ENG GB BR6 0LN,,
49 Bellegrove Road Welling ENG GB DA16 3PB,,
49 Market Place Romford ENG GB RM1 3,,
279 High Street Chatham ENG GB ME4 4BN,,
26/34 The Broadway Tolworth Surrey GB KT6 7HL,,
290-302 North End Road London ENG GB SW6 1,,
12 Upper Green West Mitcham ENG GB CR4 3AA,,
348 Norwood Road London ENG GB SE27 9,,
470 Bromley Road Bromley ENG GB BR1 4PQ,,
13 Winslade Way London ENG GB SE6 4,,
789 Old Kent Road London ENG GB SE15 1,,
80 Furtherwick Road Canvey Island ENG GB SS8 7AJ,,
62 High Street Maldon ENG GB CM9 5PN,,
22 King Street Ramsgate ENG GB CT11 8BG,,
87 Market Place Swaffham ENG GB PE37 7,,
12 Crown Glass Place Bristol ENG GB BS48 1RD,,
Unit 3A Channons Hill Retail Park Bristol GB BS16 2EA,,
139 Crow Lane Bristol ENG GB BS10 7DS,,
44 Market Place Chippenham ENG GB SN15 3HU,,
24 Agincourt Square Monmouth WLS GB NP25 3DY,,
14 St Peters Street Northampton ENG GB NN1 1,,
Bridge Road Coalville GB LE67 3PW,,
232 Lincoln Road Peterborough ENG GB PE1 2NE,,
Willowbrook Park Derby Road Leicestershire Loughborough GB LE11 5HG,,
512 Harrow Road London ENG GB W9 3,,
442 Holloway Road London ENG GB N7 6QA,,
444 Bethnal Green Road London ENG GB E2 0,,
142 Stoke Newington High Street London ENG GB N16 0,,
28 New Street Telford ENG GB TF1 1NE,,
8 The Moor Centre Brierley Hill West Midlands GB DY5 3AH,,
86 London Road Portsmouth ENG GB PO2 0LZ,,
65 High Street Alton ENG GB GU34 1AB,,
72 High Street Bognor Regis ENG GB PO21 1SJ,,
5 London Road Brighton ENG GB BN1 4JA,,
263/269 Haslett Avenue Crawley GB RH10 1NP,,
12 Sheep Street Bicester ENG GB OX26 6TB,,
288 Bath Road Hounslow ENG GB TW3 3,,
1314 Uxbridge Road Hayes ENG GB UB4 8JH,,
Chorley New Road Horwich Manchester GB BL6 5QH,,
Unit 3 Golden Way Urmston GB M41 0NA,,
18 Bury Old Road Manchester ENG GB M8 5,,
1 Greenside Crescent Manchester ENG GB M43 7,,
33 Longfield Centre Manchester ENG GB M25 1,,
209 Main Street Nottingham ENG GB NG6 8EZ,,
Priestic Road Sutton in Ashfield GB NG17 2AH,,
3 Broad View Liverpool ENG GB L11 1,,
5 King Street Southport ENG GB PR8 1JZ,,
11 Pedder Street Morecambe ENG GB LA4 5DY,,
Unit 62 Town Square Runcorn GB WA7 2EU,,
15 Albert Square Widnes ENG GB WA8 6,,
25 High Street Cheadle ENG GB SK8 1AX,,
19/25 The Maltings Uttoxeter GB ST14 7LN,,
19 Sidwell Street Exeter ENG GB EX4 6NN,,
65 High Street Taunton ENG GB TA1 3,,
Old Market Street Neath GB SA11 3NA,,
28 Merthyr Road Cardiff WLS GB CF14 1DH,,
City Link Retail Park Cardiff GB CF24 1PQ,,
4 Countisbury Avenue Cardiff WLS GB CF3 5SJ,,
63 Oxford Street Mountain Ash WLS GB CF45 3HD,,
St Georges Cross Maryhill Glasgow GB G20 7JN,,
42 Church Street Port Glasgow SCT GB PA14 5JD,,
111 Dunkenny Road Glasgow SCT GB G15 8BL,,
Unit 3a St Nicholas Retail Park Carlisle GB CA1 2EA,,
102 Main Street Glasgow SCT GB G73 2,,
17 Market Street Oldham ENG GB OL2 8,,
Unit 2 Kirkstall Road Leeds West Yorkshire GB LS4 2EZ,,
Castle Retail Park Cavendish Way Penrith GB CA11 7JQ,,
67 St Stephens Street Norwich ENG GB NR1 3QR,,
Unit 5 St Andrews Retail Park Birmingham GB B10 0XA,,
48/50 Ankerside Centre Tamworth West Midlands GB B79 7LQ,,
10 Brownlow Street Whitchurch ENG GB SY13 1QS,,
481 Endike Lane Hull ENG GB HU6 8AQ,,
104 Freeman Street Grimsby ENG GB DN32 7AH,,
Unit A John Walker Sq Castlegates Shopping Ctr Stockton On Tees GB TS18 1AQ,,
Unit 1 Ormesby Road Middlesbrough GB TS3 0DY,,
2 Spring Wood Road Guisborough ENG GB TS14 7,,
The Victoria Centre Consett GB DH8 5JU,,
11 Fore Street Bodmin ENG GB PL31 2JA,,
25 Ridgeway Plymouth ENG GB PL7 2AW,,
18 Victoria Street Paignton ENG GB TQ4 5DN,,
23 Courtenay Street Newton Abbot ENG GB TQ12 2QH,,
32e Scotch Street Dungannon NIR GB BT70 1BD,,
Meadowlane Shopping Centre 1 Moneymore Road Magherafelt NIR GB BT45 6,,
71 Bow Street Lisburn NIR GB BT28 1BJ,,
88 Bedford Street North Shields ENG GB NE29 0,,
45 Castle Street Forfar Angus GB DD8 3AE,,
44 Devonshire Road Bexhill on Sea ENG GB TN40 1AX,,
1 Castle Street Hastings ENG GB TN34 3DY,,
Unit B 1 Bay View Road The Colwyn Centre Colwyn Bay GB LL29 8DG,,
Stanley Road Birkenhead Wirral GB CH41 7BG,,
Penny Lane 7 Church Road Liverpool ENG GB L15 9EA,,
158 Allerton Road Liverpool ENG GB L18 2DH,,
710 Prescot Road Liverpool ENG GB L13 5XG,,
Units 20 Ivel Square The Quedam Centre Yeovil GB BA20 1EY,,
Trinity Street Dorchester GB DT1 1TU,,
3 Wicker Hill Trowbridge ENG GB BA14 8JS,,
97a The Dolphin Centre Poole GB BH15 1SS,,
Unit 2 Stour Retail Park Canterbury GB CT1 1AD,,
144 Plumstead High Street London ENG GB SE18 1JQ,,
359 Barking Road London ENG GB E13 8EE,,
Unit 1 Beckton Retail Park Alpine Way London GB E6 6LA,,
531 Cranbrook Road Ilford ENG GB IG2 6,,
21 High Street Ilford ENG GB IG6 2AW,,
47 Corbets Tey Road Upminster ENG GB RM14 2AJ,,
Unit 12 District Centre Rainham Kent GB ME8 7HW,,
29 King Street Twickenham ENG GB TW1 3SD,,
29 Surrey Street Croydon ENG GB CR0 1RG,,
Blenheim Shopping Centre London GB SE20 8RW,,
25 St James's Drive London ENG GB SW17 7RN,,
314 Clapham Road London ENG GB SW9 9AE,,
441 Brixton Road London ENG GB SW9 8HE,,
23 Bank Street Braintree ENG GB CM7 1UG,,
10/14 High Street Sittingbourne Kent GB ME10 4PD,,
Turner Road 100 Mill Road Colchester ENG GB CO4 5LJ,,
14 Triangle Shopping Centre Frinton-on-Sea ENG GB CO13 0,,
9 Brays Lane Ely ENG GB CB7 4QJ,,
